{"cameraMode":{"drawMode":0,"name":"Shaded","section":"Shading Mode"},"sceneLighting":false,"audioPlay":false,"sceneViewState":{"m_AlwaysRefresh":false,"showFog":true,"showSkybox":false,"showFlares":true,"showImageEffects":true,"showParticleSystems":true,"showVisualEffectGraphs":true,"m_FxEnabled":true},"in2DMode":false,"pivot":{"x":1.7881393432617188e-7,"y":0.5920354127883911,"z":-0.2340048849582672},"rotation":{"x":0.25208771228790285,"y":-0.5286312699317932,"z":0.16805903613567353,"w":0.7929427623748779},"size":1.4840525388717652,"orthographic":false}