{"cameraMode":{"drawMode":0,"name":"Shaded","section":"Shading Mode"},"sceneLighting":false,"audioPlay":false,"sceneViewState":{"m_AlwaysRefresh":false,"showFog":true,"showSkybox":false,"showFlares":true,"showImageEffects":true,"showParticleSystems":true,"showVisualEffectGraphs":true,"m_FxEnabled":true},"in2DMode":false,"pivot":{"x":0.00003647804260253906,"y":-0.3953319787979126,"z":-2.783479928970337},"rotation":{"x":0.4864046573638916,"y":0.0797266811132431,"z":-0.044628389179706576,"w":0.8689442276954651},"size":0.8660253882408142,"orthographic":false}